{
  "rouge_scores": {
    "rouge1": 0.33696757310274206,
    "rouge2": 0.1271315192743764,
    "rougeL": 0.2477269313915121
  },
  "sentiment_accuracy": 0.8
}